0.09378312899383708,-0.31217545552246495,2.3807658939639826,1.8988010185340045
0.02456599203227131,-0.2579232400857752,-0.31662605904023045,-2.1392033644187327
-1.5371484083153775,-0.14941880921239586,-0.07766151035364882,-1.8009108159994873
0.8256631122794045,-0.1765449169307407,-0.19265918281629796,-2.077419768304234
-0.005428254670124474,-0.31217545552246495,-0.39497697221211436,0.45167110255473053
0.7296269076759907,-0.12229270149405103,0.03867841397055305,-1.8093013977536068
0.018240683054412406,-0.31217545552246495,-0.3963973763938823,0.5403277635310798
-0.002597465095019592,-0.31217545552246495,-0.3885283408501374,0.21749051221839324
-0.009421012304733445,-0.31217545552246495,-0.3975508681493972,0.5986368685868122
-0.0009217032907990305,4.353515072032849,4.378910654133491,2.8171922880308697
0.001586854623524023,4.5795659696857225,4.254089534492178,2.7153509618193956
0.007903212116324958,-0.31217545552246495,-0.3941436465738154,0.501343946136589
-0.002978680266197287,-0.2850493478041201,-0.3690875594495934,-1.9205963697623145
1.234308831584411,-0.10420862968182114,-0.1326780129884256,-1.469450571043878
0.001958454623966733,-0.31217545552246495,-0.34346815793561275,-0.3915084771747593
-0.001823539556543006,4.5795659696857225,4.403731832392765,2.8432382331212915
-0.0013626323099612805,1.0712560381131222,1.418056535967241,-0.3847912513744544
-0.001293713489609783,-0.31217545552246495,-0.3970654462795179,0.5866426517561858
0.0018885480637834788,-0.31217545552246495,-0.3864966711302686,0.13314159181952562
0.00553866853494532,-0.31217545552246495,-0.39709406112136114,0.5712375864830472
0.004440840047031215,1.0622140022070072,1.803019573036061,0.25793560766082224
0.004189576774015012,-0.31217545552246495,-0.39751059188357096,0.5925272210356929
0.004782814868483422,-0.31217545552246495,-0.3971929131079782,0.5841269597087095
0.004493681844539614,-0.31217545552246495,-0.39733390220517295,0.5935628452901424
0.005291436257501413,2.5812760344343184,3.172734802744671,1.5760172378257928
0.006449752897464767,-0.31217545552246495,-0.3974479179459396,0.6008909645458727
0.006402967233500656,-0.31217545552246495,-0.3973891781503596,0.5973331083815192
0.005434820228327951,-0.31217545552246495,-0.3974653479781216,0.6034188976830341
0.004738623368937699,-0.31217545552246495,-0.3971653550078217,0.5914535146413874
0.003930414682816657,1.0622140022070072,1.4182989489785571,-0.3849642193727361
0.002740646265383719,-0.31217545552246495,-0.3926757890544557,0.4304316745393849
0.0019804122497413352,-0.31217545552246495,-0.3969445299445032,0.5837880757292844
0.0012369389250032822,-0.31217545552246495,-0.39734055656271206,0.5980318759996842
0.00044146741576051664,-0.31217545552246495,-0.3975207037730552,0.6032724517634607
0.0002466205937308017,-0.31217545552246495,-0.39759853093444897,0.606172444185154
0.0008226024702292915,-0.31217545552246495,-0.39736190186119813,0.5978147924050019
0.0017323732672929557,-0.31217545552246495,-0.3970166748522987,0.5859667367094801
0.0025527380419493534,-0.31217545552246495,-0.3957979767568154,0.5441953658386929
0.003174579806243948,-0.30313341961635,-0.36826410059866593,-0.8511194285641868
0.0017929576012635834,-0.30313341961635,-0.36470791472337033,-0.8966807705472556
0.15334641225216636,-0.2488812041796603,-0.27966538605541225,-0.26309035712776097
-0.09224489459189561,-0.2579232400857752,-0.3031118564086457,-0.2521517570861329
0.11639154676669647,-0.2669652759918902,-0.3341058571946751,-1.0498106206746067
-0.787909488019662,-0.27600731189800515,-0.3130876027771502,-0.40437054646774795
-0.16416090441841913,-0.23079713236743038,-0.30434195814794635,0.800157958835571
0.8241534663372285,-0.27600731189800515,-0.2831706554333348,-0.5780632358190173
0.09233855666427145,-0.27600731189800515,-0.29313131388303626,-1.1534545776405873
0.005701172459424208,-0.2488812041796603,-0.3130942518213378,-0.3401101776555694
-0.08586339288027055,-0.22175509646131547,-0.2927195465700858,0.09560322880843242
-0.04715488009428185,-0.22175509646131547,-0.26570021276136596,0.4198004484877549
0.04331801044854361,-0.2579232400857752,-0.31998198813974155,-1.2379205791666281
0.01711925570386919,-0.1946289887429706,-0.272539550689361,0.35077834003281294
0.006288113209915474,-0.2669652759918902,-0.3136506671870433,-0.3218819327479898
0.005167133261470038,-0.31217545552246495,-0.39749358478816227,0.6025072743466771
0.00470759256411641,-0.31217545552246495,-0.39749797338949766,0.602756596729191
0.004426644057254245,-0.31217545552246495,-0.39749648535125137,0.6028082573676745
0.004109044458581965,-0.31217545552246495,-0.39743897033894954,0.6010192392363675
0.003886078203170254,-0.31217545552246495,-0.3974577660927274,0.6007251828496503
0.003709031395312934,2.5812760344343184,3.1721578772793078,1.575307178330206
0.007665505907120125,1.0712560381131222,1.4176039632207096,-0.3853408139173162
0.006813976286340066,-0.2850493478041201,-0.3495687070548843,-1.7811891951270327
0.05718870022547443,-0.2850493478041201,-0.3528830085596253,-1.636760879550316
-0.06656181380482788,-0.1946289887429706,-0.27678703143254035,0.19211613416526777
0.012333004114462837,-0.2579232400857752,-0.33266824892683816,-1.2023113532875709
-0.04426212043761342,-0.2579232400857752,-0.3340072036578087,-1.1028884161873027
0.46292810336244244,-0.27600731189800515,-0.33355888638488923,-0.8532408809709204
-0.33285686639895956,-0.1946289887429706,-0.2618702046545353,-0.4043391721085468
-0.2500661832555047,-0.18558695283685564,-0.2730052441926407,0.14620589696949818
0.14779234094088337,-0.2488812041796603,-0.3219327420286971,-0.9692769369848531
0.0032390319768027804,-0.294091383710235,-0.34681631158580317,-1.6818210998071559
0.01491849109029029,-0.2579232400857752,-0.28864819234510464,-0.48669937582716644
-0.011016149873913575,-0.23983916827354534,-0.2457481559125481,-0.04512193987467366
0.015856642473219378,-0.27600731189800515,-0.3311922470695281,-1.154807733354494
-0.009896637397345233,-0.2488812041796603,-0.31985949053635915,-0.3966551375239989
0.004398577774014876,-0.1946289887429706,-0.27069540237729817,0.28026896015958314
0.003619300061166348,0.38406130924838616,0.5224433035289623,-1.3774154561977372
0.003800236542784386,-0.31217545552246495,-0.3974017611075872,0.5992836089328129
-0.00264786531209393,1.1074241817375818,1.3689368944857117,-0.42567111092021614
0.0039608687711274095,-0.31217545552246495,-0.3975736886967996,0.6054954767181012
0.0037984065000503894,-0.31217545552246495,-0.39738030564760163,0.5985334305756645
0.00359225071641908,-0.31217545552246495,-0.3970004377182183,0.5851602095073516
0.003397366221992829,-0.31217545552246495,-0.3955684264550292,0.5393769462304974
0.003236470373240733,-0.30313341961635,-0.3568343546297099,-1.706303445232965
0.0032036372705707816,-0.31217545552246495,-0.39614193643966267,0.5515189984378635
0.00324214284442839,-0.31217545552246495,-0.3761882658970119,-0.32625238277943064
0.0032322270629016013,-0.30313341961635,-0.3642141603923088,-1.5044714361151614
0.0032068694285186643,-0.31217545552246495,-0.3967084977929868,0.5422842700828094
0.0032430753505335932,4.5795659696857225,4.693970877829546,3.145381725905216
0.00330663809563622,-0.31217545552246495,-0.3965555515466622,0.5756944817282298
0.0033804007994927415,-0.31217545552246495,-0.39654273064178547,0.5691990884528302
0.003498675217608155,-0.31217545552246495,-0.3973722421150452,0.5982460796393285
0.0035521414514367803,-0.31217545552246495,-0.39760334545556,0.6060717735834352
0.003489767181033822,-0.31217545552246495,-0.3974128379115162,0.5991916598551573
0.0034282010091544984,-0.31217545552246495,-0.3975226369025379,0.6030062069267508
0.003415424919163903,-0.31217545552246495,-0.3975954999129183,0.6058872094822224
0.003426409096037212,-0.31217545552246495,-0.3975828503837887,0.6053862897467068
0.003495644109303901,-0.31217545552246495,-0.39732018733669705,0.5963337035255478
0.003610546079467732,-0.31217545552246495,-0.3974310677442142,0.6003666229829903
0.0036957547982532416,-0.31217545552246495,-0.39758960652028746,0.6059768952483562
0.003744783118674959,-0.31217545552246495,-0.3975738351276397,0.6052074209449073
0.003822234950819561,-0.31217545552246495,-0.3975690895080446,0.6051171304636582
0.003910777153816038,-0.31217545552246495,-0.3975845999572194,0.6057112615098431
0.003977817095801692,-0.31217545552246495,-0.39758846808237286,0.6058311348705576
0.004049925266007785,-0.31217545552246495,-0.3975975436531396,0.6061467488103534
0.004084076390825167,-0.31217545552246495,-0.3976063616198007,0.6064242107851181
0.004048162784027386,-0.31217545552246495,-0.3975969537054696,0.6061034459246226
0.0038630234352612963,0.38406130924838616,0.5225520788560823,-1.2343554249283961
0.003944555260003774,-0.31217545552246495,-0.39760165052671587,0.6062793202930122
0.0039038457911521646,-0.31217545552246495,-0.39759991598376804,0.6061962640849082
0.0038841565874052106,-0.31217545552246495,-0.3976064418291876,0.6064364988074256
0.0038877691354073734,-0.31217545552246495,-0.3976063370805711,0.6064325214766751
0.003990915659983552,-0.31217545552246495,-0.3917918331893885,0.5037522432304445
0.04913215814124748,-0.2669652759918902,-0.3360242328776745,-1.0644501401399942
-0.026673281603431655,-0.2850493478041201,-0.3422465296643963,-1.1356501104791497
-0.011693505593234553,-0.27600731189800515,-0.3141227222568583,-1.1963972597835537
0.003962030584548758,-0.2850493478041201,-0.3666892383481245,-1.7034737066360301
0.0038086913545079047,4.5795659696857225,4.442804126892401,2.8911317085528463
0.003783985945862598,-0.31217545552246495,-0.3975995766790231,0.6062142142066738
0.0037291011036513183,-0.31217545552246495,-0.3975710358493371,0.6052231948468854
0.003661263695839865,-0.31217545552246495,-0.39756512827779594,0.6050267491900191
0.003599250723405354,-0.31217545552246495,-0.39756334372206936,0.604993701595523
0.003509751623524746,-0.31217545552246495,-0.3919503668399164,0.5279923325697966
0.013168788640780853,-0.294091383710235,-0.3447977401989478,-1.4554642483879934
0.4445323289477616,-0.2669652759918902,-0.3446398220752495,-1.1178026471871654
-0.3119794647566251,-0.1946289887429706,-0.2701871395851052,0.29666388598827187
0.005520516629710827,-0.20367102464908554,0.23633641368902972,-0.08694903167490822
0.0051262302414580635,4.543397826061263,4.490710180044304,2.960491290591588
0.003179921536342691,-0.31217545552246495,-0.39581133523748213,0.5469266795084284
-0.01888119348616586,-0.2579232400857752,-0.3108307032102388,-0.535908716947653
0.004478068839932006,-0.1946289887429706,-0.2377603059935608,0.3166910175668561
0.03961720427967679,-0.2850493478041201,-0.36452262809014996,-1.9524543731675401
-0.023070445497794113,-0.27600731189800515,0.4207548380805311,-0.14805527839255686
0.3993319386350231,0.022379873003788183,-0.020078917154821165,-1.6039443881693982
-2.452568676338854,-0.16750288102462577,-0.23150307424134633,-0.2933261166472754
1.6482586383930775,-0.11325066558793606,-0.15978406339382722,-0.886982072034468
2.5664928395217395,-0.12229270149405103,-0.0764921823859743,-1.0281750499436906
0.002694827447960993,-0.31217545552246495,-0.25746406515162784,-0.14233726079209497
0.0027164373606288995,-0.31217545552246495,-0.3976062560208891,0.6064305539539259
0.0027166970312163634,-0.31217545552246495,-0.3976059676487115,0.60642007783622
0.0027351694940059342,-0.31217545552246495,-0.39760075866629774,0.6062468080358494
0.002773279790626,-0.31217545552246495,-0.3975890353754569,0.6058387434180355
0.0028232254208983396,-0.31217545552246495,-0.3975761829047077,0.6054052013077879
0.015762600894567182,0.42022945287284585,0.5194875046539931,-1.1744661646881234
0.004670667347288153,-0.2579232400857752,-0.3327894305120323,-1.218433650672789
0.00299740603197854,-0.31217545552246495,-0.3975095483842121,0.6035449752880246
0.0030486087123959777,-0.31217545552246495,-0.3974751297104984,0.6019743562980746
0.0031007269312383168,-0.31217545552246495,-0.3973274891625259,0.5968458736234387
0.0035273945172342096,1.0712560381131222,1.4184592106148188,-0.3735137809054558
0.00318879372589102,-0.31217545552246495,-0.39677382313935,0.5784287101228727
0.0030788960772008796,1.0712560381131222,1.4184591076678321,-0.3786969686818634
0.003236479190007604,-0.30313341961635,-0.3606213306239148,-1.1548276223215048
0.0032515680305216376,-0.31217545552246495,-0.3963371272451329,0.5621541106952249
0.003266925671884851,-0.31217545552246495,-0.3970226683318624,0.5871254157119415
0.00328977181661756,-0.31217545552246495,-0.39725397851168154,0.5942961577385967
0.01851235272357425,0.6281962787134896,0.8227220392279422,-0.8585161121739145
0.0033139633717167816,-0.31217545552246495,-0.3976005575954025,0.6061959424122552
0.0033059677609770135,-0.31217545552246495,-0.39755821968493815,0.6049311214499743
0.00328639165840214,-0.31217545552246495,-0.39712581781658857,0.5895112290046746
0.003018798323569268,1.0712560381131222,1.4184592106499367,-0.3905475450285294
-0.01696763026084512,0.38406130924838616,0.5255062828740799,-1.1784470413337955
0.010924929894417408,0.6372383146196046,1.2669633902912543,-0.46765017670383163
0.0031429659304689373,-0.31217545552246495,-0.39723332436760717,0.5937580259961996
0.0030990878138698716,-0.31217545552246495,-0.3974358426434468,0.600550171284772
0.003060457716155627,2.5812760344343184,3.1715708169783228,1.5750339926070331
0.003026824145440621,-0.31217545552246495,-0.3975740753487176,0.6053505763780131
-0.008970179030535314,1.1164662176436968,1.39108850230059,-0.42566573109802763
0.0030079029802657135,-0.31217545552246495,-0.3976018575601179,0.6062741195174463
0.0030223967994199774,-0.31217545552246495,-0.3975963041983296,0.6060919519316296
0.0030372951385451755,-0.31217545552246495,-0.39759959484838586,0.6062113119202936
0.003049719861422812,-0.31217545552246495,-0.3975984044756663,0.6061272826961479
0.002558622997362544,-0.31217545552246495,-0.3570449172647681,-0.5099455983058979
0.1533449221664164,-0.27600731189800515,-0.3095570047711746,-0.9068728212821867
1.0195762543579483,-0.20367102464908554,-0.18101129675636918,-1.1395320061976486
0.01369126125760504,-0.22175509646131547,-0.2762100869499767,-0.21521281783925572
0.003075458283407061,-0.31217545552246495,-0.39760234740145933,0.6062709709084704
-0.03054309682191856,0.32980909381169643,0.4269131788651438,-1.2780337035313212
0.0030922707171470265,-0.31217545552246495,-0.3975989601052,0.6061790771032962
0.003061724150311217,1.0712560381131222,1.4184552971642765,-0.42230455140082723
0.0031090370087907076,-0.31217545552246495,-0.39758124752741525,0.6055956980069823
0.003084263785407366,-0.31217545552246495,-0.397172734602672,0.5527594439071433
0.0027654784615103755,-0.30313341961635,-0.36801910984046354,-1.2705423626828556
0.0034681910398701842,-0.30313341961635,-0.36643303881586153,-1.8500903411696057
-0.09886470884554117,-0.2579232400857752,-0.3077260890991231,-0.6198934567441765
-0.5330681328883313,-0.23079713236743038,-0.25681671508784987,0.043051000332847145
0.4429067885319265,-0.1946289887429706,-0.26088638644529416,-0.04504585571236373
-0.6909039201571089,-0.2488812041796603,-0.23115078465801203,-0.5884844500284994
0.001930689031434619,-0.2579232400857752,-0.3329921342858477,-1.2324263327726324
0.6611740133621887,-0.2488812041796603,-0.3247576643816891,-0.7652794692583915
-0.7339900043626469,-0.18558695283685564,-0.2762597097667995,0.07269359514164515
0.0010914646707979407,-0.2488812041796603,-0.3009806357524772,-1.316607568246761
0.017723052385679023,-0.2579232400857752,-0.3333631748521632,-1.1635231061013456
-0.010611587836746386,-0.2579232400857752,-0.3332161557339512,-1.217668399360543
-0.001548658325469918,-0.2579232400857752,-0.33333820461299846,-1.188172714600698
0.026971253928765412,-0.1765449169307407,-0.1726889143926643,-0.4637350285092019
-0.008220431324024287,-0.294091383710235,-0.3199112258212215,-1.1495894807946068
0.0424158049749373,-0.2488812041796603,-0.33518174779582843,-1.2034802678693686
-0.026150729957573213,-0.2850493478041201,-0.36629805006515587,-1.9275771790477734
0.005770061825705683,-0.27600731189800515,-0.312341036911357,-1.0939876065786742
0.0034468132707839777,-0.31217545552246495,-0.3970550613651856,0.6044091011011422
-0.003624760892765509,-0.10420862968182114,-0.1528972628244024,-0.9804861302250072
0.003499241281952716,-0.31217545552246495,-0.39759103213794766,0.6059237691196608
0.009330042071719077,-0.30313341961635,-0.38002857433565945,-0.8395174409946581
0.08148881933504137,-0.294091383710235,-0.3579441375219351,-1.5738153954217617
-0.08024484976689183,-0.27600731189800515,-0.3560213248951159,-1.7706364097803944
0.003375102011754739,-0.30313341961635,-0.2975486608131028,-0.14906756600904641
0.0034810963016005192,-0.294091383710235,-0.34668972239081275,-1.6640810499083614
0.0035673146270374777,-0.2850493478041201,-0.3636059131746598,-2.0200504471145115
0.0039877033231378615,-0.31217545552246495,-0.33871670437207974,-0.11908652280876098
0.005009253063113417,-0.31217545552246495,-0.37443810990825876,-0.7596646633453511
0.005458872964762501,-0.2579232400857752,-0.3334186996702341,-1.1837750951120396
0.0010556107694123704,-0.23079713236743038,-0.23718653689299513,-0.24916071609142265
0.003621759790601747,-0.31217545552246495,-0.39760414254944954,0.6063562044337923
-0.02678442666153861,-0.10420862968182114,-0.15289732054377586,-0.980490991785754
0.004031923264904352,1.0712560381131222,1.4184579359131244,-0.45273067633563563
-0.01859490596930989,-0.22175509646131547,-0.26323519370115056,0.24573724930801713
-0.02595853030916959,-0.2488812041796603,-0.19960724997801438,-0.7140526836327996
0.10314918597198562,-0.27600731189800515,-0.29651486428812485,-0.10487213702645323
-0.032848861072545324,-0.27600731189800515,-0.24381532431785793,-0.03460880946155698
0.038202459994605385,-0.1946289887429706,-0.26607550870951935,0.09008427599277072
0.0009883086240685976,-0.2579232400857752,-0.33348044980090263,-1.194456269982887
-0.15684774455054903,-0.2669652759918902,-0.3362946547130008,-0.7234991164704193
0.09682037816971314,-0.2488812041796603,0.9361451568597873,-0.406430012418864
-0.005368747199712604,-0.294091383710235,-0.36748436149248376,-1.3624553236685653
-0.022107024462869565,-0.294091383710235,-0.35634227681278785,-1.7350853577742982
-0.14211748451843542,-0.27600731189800515,-0.36793613422505317,-1.1918390316265752
-0.08458905750095813,-0.1946289887429706,-0.2723129381812861,0.22821214822485406
0.4035629640174954,-0.2850493478041201,0.2864887166612046,-0.1794661883463094
0.018015284756688392,0.6372383146196046,1.1796210561980598,-0.5767469912967501
0.020634758319233355,-0.27600731189800515,-0.2971919550733224,-0.5787421178014482
-0.007681473855070694,-0.2488812041796603,-0.31364476362160837,-0.5857599959767789
-0.0032725550752605134,-0.2488812041796603,-0.32947877299111256,-1.307378090334991
0.04888072389583738,0.6101122069012598,1.01113009716109,-0.6765978348544384
0.010393266704256412,-0.2850493478041201,-0.3632542196447221,-2.0660807369942082
0.003645279042382451,-0.31217545552246495,-0.2786663207012912,-0.10467665684488307
-0.17447666846604104,-0.2669652759918902,0.20893433470085715,-0.6141440834593985
0.1697653812597469,-0.2488812041796603,-0.3149025962830546,-0.4890344482926521
0.0031279695392535927,-0.30313341961635,-0.36372709047203133,-1.592347414292497
-0.007147883501051251,-0.294091383710235,-0.3603676615254497,-1.5301361527903992
0.013821622876337767,-0.2850493478041201,-0.36311170618222566,-2.084352300135367
0.003417507949503718,-0.2127130605552005,-0.24594682583694288,-0.18973214612935305
0.0033139354521902263,-0.27600731189800515,-0.2689752766535717,-1.0341382997252175
-0.009221585817407257,-0.2579232400857752,-0.3339283766180869,-1.133580572333491
0.023912635600124424,-0.2850493478041201,-0.35884357931941774,-1.7512234152212536
-0.005940544600858775,-0.27600731189800515,-0.3102788710646232,-0.8242084856749794
0.0027494003922619403,-0.2579232400857752,-0.3332855852835435,-1.1235098686467493
0.004195514644021414,-0.23079713236743038,-0.23993757389461154,0.025969073877972294
0.016512182241909236,-0.294091383710235,-0.34857770566390767,-1.470237718981571
-0.09468894967586851,-0.2579232400857752,-0.11372135243917614,-0.9182365908242464
0.12614274110010817,-0.2488812041796603,-0.33069321263471185,-1.0725647191402006
-0.028850709392832713,-0.2488812041796603,-0.33090172553794134,-1.1723555259150122
-0.01508608431446591,-0.294091383710235,-0.3635591264147893,-1.3632861774903025
-0.0010736336112949383,-0.2850493478041201,-0.3583613765898292,-1.8339785358722998
0.027107220380102635,-0.2579232400857752,-0.3326697592123918,-1.1276617962287214
0.0030275174631430057,-0.31217545552246495,-0.38823799418750343,0.26625139716690627
0.002456286330160765,-0.31217545552246495,-0.3967232800352864,0.576335402635712
0.001968684582351463,-0.31217545552246495,-0.3974376738611735,0.6006737915273809
0.001716909470248695,-0.31217545552246495,-0.39759694134624174,0.606086114649309
0.020282305686349915,1.0079617867703174,1.3523021070490133,-0.5548595198124405
0.00239230189886031,-0.31217545552246495,-0.39633658262265975,0.5626793561299179
0.003106898629697825,-0.31217545552246495,-0.3779820244529471,-0.255796630009662
0.004782088125745021,-0.294091383710235,-0.3796337546425632,-0.826063508822238
0.0010303892495366145,-0.2850493478041201,-0.3603109709577795,-2.029081721864587
0.008936233888064042,0.9627516072397427,1.1414834319582015,-0.767078251665711
0.0033058039777696365,-0.31217545552246495,-0.3800901016010415,-0.13971832566385975
0.003314303527250136,-0.31217545552246495,-0.3777349672151438,-0.32396587172257024
0.003901357433934209,-0.31217545552246495,-0.39568546316731995,0.5442802289338458
0.004850061322998625,-0.31217545552246495,-0.39678123020421996,0.5759874244252514
0.005549726939221248,-0.294091383710235,-0.3573389796655636,-0.796771820286685
0.08846175539837911,-0.30313341961635,-0.37624071208058735,-1.0520241953650236
-0.07666184204791757,-0.2850493478041201,-0.3366464692663679,-0.9192881889191556
-0.010396628366467374,1.0802980740192372,1.400537002369088,-0.5127744482455784
0.06738122156901438,-0.30313341961635,-0.3810285189842055,-0.687977322811205
3.982539157249229,-0.23079713236743038,0.04389661694140491,-0.5223805942976069
-3.4194015606679504,-0.1403767733062809,-0.11342923692734952,-1.0982411120078241
-0.07329879775191543,-0.30313341961635,-0.3620859301832838,-1.3763642938250034
0.005180049647390371,-0.2579232400857752,-0.3334148039003926,-1.1951778189137132
-0.013103336917712505,-0.31217545552246495,-0.3936984963701296,0.3096818749241108
-0.03436697390795046,-0.31217545552246495,-0.38344466322051796,-0.5597393096636433
0.10493491777532445,-0.2669652759918902,-0.34756619839624525,-1.360085532471234
-0.06422111964343608,-0.27600731189800515,-0.3519915516295452,-1.3981527033434695
0.00047872209165999237,-0.31217545552246495,-0.3920352133516974,0.2675158813682269
0.01606697005552473,0.9265834636152831,1.549983665243744,-0.15263951730792663
0.006990803026085963,-0.31217545552246495,0.829288744278906,-0.6666229768117984
-0.04515167179751665,-0.2488812041796603,-0.2737988162648044,-0.2736876946385958
0.13048705319803588,-0.2579232400857752,-0.3279028607954891,-0.8604084655777106
-0.004720504355817222,-0.2850493478041201,-0.2873155724483564,-0.7206281871449596
0.026279612230863586,-0.2488812041796603,-0.3319552927672806,-1.3989549234159158
0.1988299992430893,-0.27600731189800515,-0.3027346213961964,-0.8577840825044009
-0.28963114060242845,-0.2669652759918902,-0.3022278759911689,-0.28525907569137554
0.17503307279989536,-0.27600731189800515,-0.3384560284743524,-1.4043009731854406
-0.14451534510649586,-0.27600731189800515,-0.31572164971955524,-0.34000088534295
0.11142945440185936,-0.2850493478041201,-0.28635821869810957,-0.8235487090835705
-0.12590329136486117,-0.27600731189800515,-0.32308227937136563,-0.5155785541612229
0.030721819136463806,-0.2579232400857752,-0.24545681966232913,-1.0221529162619485
-0.02411471935489925,-0.23983916827354534,-0.2894094646198711,0.12046156286542305
-0.349178216552936,-0.2850493478041201,-0.35553468152297085,-1.3219331759831132
0.35334875322809767,-0.2488812041796603,-0.3312557290622526,-1.1209955112711159
0.01166777263993201,-0.294091383710235,-0.34062642352601885,-1.5605692493539063
-0.007473614231890728,-0.2850493478041201,0.32697816209749925,-1.08861997429977
-0.00020928815433741272,-0.2488812041796603,-0.33263468379863625,-1.052401015175093
0.20866250197022557,-0.2669652759918902,-0.33544818811869437,-1.0845991889678757
-0.1502961690221331,-0.2488812041796603,-0.30699262151519885,-0.1331350939044506
-0.12677850283260642,-0.2669652759918902,-0.3376351790428111,-1.2815531279845145
0.04838165479130615,-0.2488812041796603,-0.32865193895872813,-1.2978970832229317
-0.032377665492916506,-0.1403767733062809,-0.17984170579194186,-0.7737051739049824
0.6094355856280592,-0.22175509646131547,-0.26002005026218256,0.10828672080650846
-0.33317517718478556,-0.2669652759918902,-0.3336227879035502,-1.2340861340480245
0.07204670057806375,0.6281962787134896,0.9145570373667149,-0.8476079679918201
0.00827401437396876,-0.294091383710235,-0.3649078755061788,-1.1981676386334237
0.09950004664503648,-0.27600731189800515,-0.31855269378081086,-1.306956044541957
-0.17239445508297252,-0.2579232400857752,-0.3299915626909488,-1.4234777433391101
0.1388286601779751,-0.131334737400166,-0.18064123943709515,-0.8606953337115305
-0.13851925098475018,-0.2850493478041201,-0.3352003973305333,-0.9276448674979373
0.022261305601532146,-0.294091383710235,-0.3443311657945204,-1.5865611701194902
-0.1307102843904213,-0.2127130605552005,-0.27385433865930753,0.33032833373259457
0.19431590611232938,-0.2488812041796603,-0.32921348535346484,-1.280727322264523
0.3474048027846461,-0.08612455786959121,-0.1361515951166481,-0.9820911824119419
-0.15272735338801918,-0.23983916827354534,-0.27350305433525685,0.17912326414772725
0.14875900912693038,-0.23079713236743038,-0.2240116399870909,-0.08597748058910368
-0.008798248379156513,-0.27600731189800515,-0.31591141360394503,-0.7056682309728073
-0.01132593248585161,-0.294091383710235,-0.3660053563479121,-1.6656757996307383
0.08274006344052175,-0.20367102464908554,-0.26618454194693403,0.012070729198997307
-0.10712022210693861,-0.2127130605552005,-0.27200918730220025,0.26040698088306713
-0.02256804051133868,-0.2850493478041201,-0.3114700228534727,-0.6662167456284771
-0.14798492958018272,-0.1946289887429706,-0.25160472430328107,-0.03117092826578973
-0.01926850271890451,-0.27600731189800515,-0.2878171907096825,-0.5833279579572664
0.5306454304306288,-0.131334737400166,-0.20299995079340974,-0.7817574902344333
0.0034244560471902268,-0.2579232400857752,3.104473485690349,1.5004006585214338
0.013362032206934086,-0.30313341961635,-0.3841194708283753,-0.8323253397950654
0.09539458808737794,-0.294091383710235,-0.34702452964288266,-1.4092774610383196
0.009295990716890877,-0.27600731189800515,0.40630455301885643,-0.15663182044730287
-0.15967799296166305,-0.2488812041796603,0.8954505106536107,-0.6796566020619841
-0.008018039218861888,4.254052677065585,4.271164762509689,2.761470464941081
-0.17239835579744117,0.59202813508903,2.2279439740662434,1.25342891981029
0.09763656008371704,-0.18558695283685564,-0.20781573499760436,-0.2717557320079898
0.006662139171798419,3.3136809428296297,3.6098735019766193,1.977254796109956
0.015940778484270106,0.24843077065666183,0.8416433935305117,-0.4706188275022629
0.023766178887929455,0.8904153199908231,1.1739465437653505,-0.675643336055468
0.0032685931845871205,-0.31217545552246495,-0.39760006789906777,0.6062085813360115
0.0032705393254492373,-0.31217545552246495,-0.39760522177454266,0.6063818525911633
0.0032698511130965003,-0.31217545552246495,-0.39759946404377916,0.6062083493064555
0.0032662213576624315,-0.31217545552246495,-0.39756874925091523,0.6050801706855502
0.00326175316946682,-0.31217545552246495,-0.39755407254908853,0.6046263895512138
0.003257063469717485,-0.31217545552246495,-0.3975369145222302,0.6040948652194545
0.00325352338386528,-0.31217545552246495,-0.3975776317852308,0.605388080140715
0.00325357675140809,-0.31217545552246495,-0.3975818668489456,0.6054985303161491
0.0045515453705836165,1.0712560381131222,1.4184591924052206,-0.5191563299410745
0.003257395725640915,-0.31217545552246495,-0.3976063463042864,0.6064220507637251
0.0032573501047444596,-0.31217545552246495,-0.3976047616392783,0.6063417405099559
0.003257844540810452,-0.31217545552246495,-0.39760644672999174,0.606435938096852
0.0032577549769000585,-0.31217545552246495,-0.3976060812906274,0.6064142917351989
0.003257697238192065,-0.31217545552246495,-0.39760259351416316,0.606290985364371
0.0032413883375668425,-0.30313341961635,-0.30015210091981265,-1.1404099531827385
0.004790847004644396,-0.294091383710235,-0.34063294252594767,-1.5786152563709923
0.12063483967942927,-0.294091383710235,-0.3466306887555226,-1.4545085193996612
1.2651610707306886,-0.27600731189800515,-0.28013068747474973,-0.608423198140329
-1.3800342455336452,-0.27600731189800515,-0.31290454316293614,-1.2435121942649192
0.0886883222690225,-0.2488812041796603,-0.32149190248849796,-0.9688517387048169
-0.39792358925630644,-0.2669652759918902,-0.308348808547924,-0.8824002992744155
1.03902171395588,-0.27600731189800515,-0.32698512449970946,-0.8118009827726101
-0.5398119756731106,-0.2579232400857752,-0.3182790469296888,-0.42103840788748387
0.06475605704704146,-0.27600731189800515,-0.3297799337146614,-1.2224748208643132
-0.27301234579630584,-0.2488812041796603,-0.31802134273001215,-0.5148406192528435
0.024865773644781673,-0.1946289887429706,-0.2780772065456615,-0.09603682035110553
0.025478610641197955,-0.2669652759918902,-0.31316649961602505,-1.4601445061141232
0.0069557406710398315,-0.2488812041796603,-0.3338550184183894,-1.25919188797832
-0.02463575856152225,-0.27600731189800515,-0.3380466150882246,-1.393042343972657
0.04218902768072863,-0.27600731189800515,-0.338296467504764,-1.1128574960873765
-0.03504885998965652,-0.2488812041796603,-0.3276324591272186,-1.368420012624903
0.01711995189402498,-0.2669652759918902,-0.34350657792867917,-1.3283311088220082
-0.011583713687392855,-0.2579232400857752,-0.3354540251923264,-1.228136179493536
0.004970693331997532,-0.2488812041796603,-0.3147102853972544,-0.49658516033170697
-0.0035647498095589935,-0.294091383710235,-0.35801119906220785,-1.8373139136335666
0.010134866975490152,-0.27600731189800515,-0.3368057265772572,-1.540352441169051
0.004194782509774168,-0.294091383710235,-0.37302521996960103,-1.881645638108667
-0.03419332715287907,-0.294091383710235,-0.3793965661510899,-1.3096167310245654
0.04034612913486582,-0.2850493478041201,-0.36472321942455926,-1.9510175498583275
0.005342241916903893,-0.294091383710235,-0.343014669569454,-1.5594645198872221
0.07245330035932007,0.32980909381169643,1.901896226353926,0.49238172535651575
-0.022885430516411294,-0.2850493478041201,-0.36688328073885673,-1.984465712263233
0.022950050662106425,-0.27600731189800515,-0.35952398422883874,-1.44585313856563
0.003209579272756094,-0.31217545552246495,-0.3962405307094245,0.6028816679589487
0.003211944162050908,-0.31217545552246495,-0.39635388626178364,0.5108352452772512
0.0027467257715334567,-0.294091383710235,-0.35131839465554143,-1.378230997483498
0.003836009423224614,-0.2850493478041201,-0.36285132019449273,-2.0203681832024007
0.003032455603232111,-0.27600731189800515,-0.30524416508286273,-0.7600290393278478
0.00321461189770154,-0.31217545552246495,-0.397523459216465,0.6043636748432123
0.0032180031824564485,-0.31217545552246495,-0.3975268352569181,0.6037833143267354
0.003222117568645028,-0.31217545552246495,-0.39741548306033037,0.6001509292105467
0.003368747276540765,-0.294091383710235,-0.33513948667952737,-1.0314504858482536
-0.010927720643045737,-0.294091383710235,-0.3799210680619471,-1.187555759332142
0.013329902758966792,-0.2850493478041201,-0.3649501527282309,-2.092781934655228
0.029533725823493038,0.6462803505257195,1.2989926741698234,-0.42892627950256507
0.0032319982735587952,2.4456454958425944,2.3647225450649523,0.6520854595162118
0.005672253314364618,-0.2850493478041201,-0.3586470987503719,-1.3083566268401086
0.0008640636651859266,-0.2579232400857752,-0.33332460387045865,-1.206458454121987
0.0032325938890683443,-0.31217545552246495,-0.3824934374540245,0.5282352264058535
0.0032326605160595697,-0.31217545552246495,-0.39716128897446645,0.5902211831177563
0.021255896987794724,0.3569352015300413,2.0362706772872547,0.6155272081088075
-0.008439116220172588,0.8723312481785934,1.3603913359307573,-0.5458937912784566
-0.05377550899548352,-0.294091383710235,-0.37119520201121764,-1.540825310800491
0.06350642342878163,-0.27600731189800515,-0.3628530304711771,-1.7733006759200403
0.0714126072934341,1.1164662176436968,1.256103923902202,-0.632114147152045
-0.02254824139652895,-0.2850493478041201,0.8171814573041754,-0.7722241432247222
0.0034106766600972907,-0.22175509646131547,-0.21275682203774043,-0.40831554105864776
0.0032542472436863277,-0.31217545552246495,-0.3975531313171074,0.6046377225891766
0.003256660901814798,-0.31217545552246495,-0.3975989667080102,0.606206150351472
0.0032578918178734046,-0.31217545552246495,-0.3975989507180528,0.6061651934237365
0.0008209996338812743,-0.2850493478041201,-0.3322393202931553,-1.2071600687550528
0.005594850474358258,-0.2579232400857752,-0.33327897959087976,-1.187481750883299
0.0032656434643971027,-0.31217545552246495,-0.3891495538965665,0.5674345562832915
0.003269515287568949,-0.31217545552246495,-0.39757785228689196,0.6054819596482786
0.0032738010403442677,-0.31217545552246495,-0.3975886802057887,0.6058154115450207
0.0032769645461547077,-0.31217545552246495,-0.39759873096721804,0.6061800860824357
0.003279894814599235,-0.31217545552246495,-0.39759896252422033,0.6061876628416194
0.0032826527883420774,-0.31217545552246495,-0.39760107244507437,0.606253722706092
0.0032847695949561723,-0.31217545552246495,-0.39760460313877277,0.6063776498918406
0.0032862839768853895,-0.31217545552246495,-0.39760523928543307,0.6063921855713066
0.0032870297845157513,-0.31217545552246495,-0.3976064531997533,0.606436651082373
0.003286175730999186,-0.31217545552246495,-0.3976040729673554,0.6063519897879696
0.0032837049598079464,-0.31217545552246495,-0.3976008281295706,0.6062473290797348
0.003280817591078576,-0.31217545552246495,-0.3975989782309102,0.6061855368515086
0.0032779100857012033,-0.31217545552246495,-0.3975980571171899,0.6061557331359703
0.0032750599262513953,-0.31217545552246495,-0.3975997783516315,0.6062097065012305
0.0032730552871321397,-0.31217545552246495,-0.3976027383371264,0.606309753528691
0.0032713174895258085,-0.31217545552246495,-0.39760184197347376,0.6062864848663411
0.0032691005036466986,-0.31217545552246495,-0.3975977898439333,0.6061392204932758
0.0032671871853727427,-0.31217545552246495,-0.3976026862210197,0.606310480642355
0.0033579755629311774,-0.294091383710235,-0.31043979932037713,-1.1549884522240177
0.01448351743851749,-0.2579232400857752,-0.3346804099194544,-1.0904765221491344
-0.008315058899395954,-0.2850493478041201,-0.36251697412930295,-1.9658875110681178
0.016342665916256067,-0.2579232400857752,-0.3338811527909785,-1.0990684569076772
-0.009356441721537094,-0.23983916827354534,-0.3021260551273549,-0.20316083674224772
0.0032624785191060434,-0.31217545552246495,-0.39760268759689205,0.606306144431736
0.003261555482460832,-0.31217545552246495,-0.39760574595459713,0.606409637750783
0.00326150435062448,-0.31217545552246495,-0.3976063189065592,0.6064310337814269
0.0032619106019808304,-0.31217545552246495,-0.3976049187738622,0.6063829871044336
0.068181886196954,0.6101122069012598,1.142902303414006,-0.6144407956469798
0.003265019924642347,-0.31217545552246495,-0.39759915879150626,0.6061871019463754
0.0032666570331785654,-0.31217545552246495,-0.39760283439868477,0.6063184768685947
0.0032683289297804497,-0.31217545552246495,-0.3976006632563817,0.6062354805955699
0.0032705164913365706,-0.31217545552246495,-0.397573489139217,0.6059234330830618
0.0032674722785875445,-0.294091383710235,-0.3357301593740883,-1.5051301639511117
0.0018883121244578748,-0.294091383710235,-0.35916896276256804,-1.8418979537084648
0.007513711168987265,-0.27600731189800515,-0.3375489199570638,-1.0251571532560169
-0.018467146766929936,-0.294091383710235,-0.37037599186503184,-1.8758400480510378
0.13830993458102553,-0.20367102464908554,-0.27488028535531445,0.0695501482657175
-0.10465293322567451,-0.2488812041796603,-0.2970172037449756,-0.22523597421130048
0.006184087775828354,-0.2488812041796603,-0.33329691836752506,-1.1878818826761701
-0.0033322108764827487,-0.2579232400857752,-0.33327729845496923,-1.1844406119652342
0.004629065273793613,-0.294091383710235,-0.3357157198135008,-1.2112366815119937
0.006128854104066733,-0.2488812041796603,-0.333607371710759,-1.2220800596949353
-0.0010618602531913227,-0.27600731189800515,-0.3546929452150802,-1.800475612496119
0.004552737031975399,1.0712560381131222,1.4184591445484467,-0.5191609175999893
0.0030801874918871862,-0.294091383710235,-0.3417900752918976,-1.109400614680988
0.003214983161038578,-0.2579232400857752,-0.33337534680797776,-1.1772262860042988
0.003454292104034665,-0.23079713236743038,-0.15188200332395618,-0.056083452646551395
0.003284407228522034,-0.31217545552246495,-0.39760491841893686,0.6063849892971421
0.003285638141499357,-0.31217545552246495,-0.3976059029802855,0.6064176905784228
0.003263417989785936,-0.31217545552246495,-0.3083060120005378,-0.625084963022841
-0.006274849569323635,-0.2669652759918902,-0.3263016517031302,-0.8839755819919254
0.013069221381172051,-0.23983916827354534,-0.2416248145655988,0.12308234461889728
0.0032889274226291744,-0.31217545552246495,-0.39760552795371923,0.6064059711455738
0.0032904679656846295,-0.31217545552246495,-0.39760466931689886,0.606376110515424
0.0032922867616626077,-0.31217545552246495,-0.39760466111018883,0.6063761388451208
0.003293871289577073,-0.31217545552246495,-0.3976056131239021,0.6064102863905737
0.0032951171720393686,-0.31217545552246495,-0.3976056482795788,0.6064091683970864
0.003638352002474444,1.1797604689865016,1.3927233297842778,-0.531307402095635
0.0032974045833040963,-0.31217545552246495,-0.3976061144607063,0.6064260495385502
0.0032981349923171,-0.31217545552246495,-0.3976062510244856,0.6064305679405808
0.003298702226406695,-0.31217545552246495,-0.39760641004344943,0.6064359156703009
0.0032987398512085795,-0.31217545552246495,-0.39760641817994535,0.6064362087720379
0.0032980455897160758,-0.31217545552246495,-0.3976060414636751,0.6064231083406093
0.0032970085263978872,-0.31217545552246495,-0.39760590280693203,0.6064183633218906
0.0032958862822287075,-0.31217545552246495,-0.3976058763231404,0.6064179624919239
0.0032947442687419866,-0.31217545552246495,-0.39760582632066915,0.606415674618329
0.051777642317359214,0.3569352015300413,1.4636815495667457,-0.009205630966695837
0.003293111957432608,-0.31217545552246495,-0.39760620598233276,0.6064290175525152
0.0032922885030838645,-0.31217545552246495,-0.3976059239768318,0.6064187687389309
0.0032912999883780744,-0.31217545552246495,-0.39760605538731664,0.6064240816615016
0.004772465611473274,1.0712560381131222,1.4184591793131576,-0.519161523912082
0.0032899401034804884,-0.31217545552246495,-0.3976062590206063,0.6064309549236715
0.003289350097878304,-0.31217545552246495,-0.3976063061943309,0.60643234430455
0.0032888969748419124,-0.31217545552246495,-0.3976063247399999,0.606432924748775
0.07562257377457257,0.6462803505257195,1.0136289353644101,-0.8157624577876897
0.0032873390062739963,-0.31217545552246495,-0.3976056500965002,0.6064098917971262
0.003286289461945018,-0.31217545552246495,-0.39760584086901823,0.6064164658485006
0.003285454528068061,-0.31217545552246495,-0.39760613274518086,0.6064266948463015
0.0032847911277442687,-0.31217545552246495,-0.3976061614251215,0.6064268299386859
0.0032842919451855812,-0.31217545552246495,-0.39760637428321854,0.6064349434726304
0.0032840158813916796,-0.31217545552246495,-0.3976064257460495,0.6064365561159771
0.0032837330675063612,-0.31217545552246495,-0.39760633383280863,0.6064331168042653
0.003283274640144028,-0.31217545552246495,-0.3976063355777429,0.6064333349912086
0.0032829085579526686,-0.31217545552246495,-0.3976063717476158,0.6064345543200645
0.0032825847664741405,-0.31217545552246495,-0.3976063605830736,0.6064344725585173
0.0032821354763997368,-0.31217545552246495,-0.39760627069593013,0.6064312271708309
0.00328161075653377,-0.31217545552246495,-0.39760615999601373,0.6064273321996347
0.003280860396454843,-0.31217545552246495,-0.3976057572744304,0.6064139643111378
0.0032880888170120416,-0.31217545552246495,0.842559162619994,-0.10147001818337038
0.007686373880102638,1.0531719663008923,1.4239879234237918,-0.4905284183274762
0.003276950775932823,-0.31217545552246495,-0.3976047073260658,0.6063785390401257
0.0032756422479047554,-0.31217545552246495,-0.39760462315337985,0.6063740211460401
0.0032744455924055564,-0.31217545552246495,-0.3976051918096571,0.6063950944693649
0.0032734574873937478,-0.31217545552246495,-0.3976053786860857,0.6064015601802923
0.003272477618928015,-0.31217545552246495,-0.3976050171881409,0.6063886014364517
0.0032713621910709866,-0.31217545552246495,-0.39760493794293456,0.6063856280722243
0.0032703871921065633,-0.31217545552246495,-0.39760527759784586,0.6063968570136238
0.0032695372218851508,-0.31217545552246495,-0.3976054845249105,0.6064056092379695
0.00326871047548372,-0.31217545552246495,-0.39760544639701173,0.6064034197576201
0.0032679724614385263,-0.31217545552246495,-0.39760562683707545,0.6064094486925261
0.0032880416271749593,-0.31217545552246495,-0.3864334009310491,0.2274708267296104
-0.0011825364467359302,-0.30313341961635,-0.38411360670867933,-1.0000804895901267
0.021382089773400136,-0.2850493478041201,-0.3670028867076088,-1.9819970433505887
-0.009642641861141521,-0.27600731189800515,-0.35873023346953825,-1.4836851899501258
-0.05940651395450689,-0.294091383710235,-0.3818563432419581,-1.1126598883739363
-0.06042953598490733,-0.23079713236743038,1.3525830327812154,1.095250123519906
0.044692454740785904,-0.27600731189800515,-0.3581648273355108,-1.252426371815747
-0.008947034358978376,-0.30313341961635,-0.3844364228754769,-0.994291415872937
0.05754225321943655,-0.2850493478041201,-0.36002150862790755,-1.9259740909644978
-0.03475213182635039,-0.2488812041796603,-0.3293232494029428,-1.3580373690417757
0.05025008058402848,-0.294091383710235,-0.37424982290326,-1.6198313083718412
-0.01740125371505857,-0.2850493478041201,1.140886264585648,-0.5395633969707712
-0.027859010243003017,-0.2579232400857752,-0.33520568264100853,-1.1219545700169855
0.06147217718024906,-0.22175509646131547,-0.2936930650768495,0.03098526290446434
-0.3072219679920222,-0.2669652759918902,-0.327887565650627,-0.9155601874469101
0.27579693479000017,-0.2579232400857752,-0.3371829635379241,-0.7189321125415681
-0.017598128266817316,-0.2579232400857752,-0.3332854696808669,-1.1372589999441893
0.40101300919031757,-0.2579232400857752,-0.33233517297948256,-0.9914074959403097
-0.4496842811388283,-0.2669652759918902,-0.33683802650182426,-1.5454727400268509
0.04051657024323593,-0.22175509646131547,0.002050943336555407,0.6983341163418759
0.381584288329142,-0.2669652759918902,-0.2952661938817393,-0.854150008349809
-0.3912054461939594,-0.2488812041796603,-0.30671974615272385,-0.911464138234142
0.21866446157799735,-0.2579232400857752,-0.32736898859810937,-1.1252473785512171
0.42481596940181227,-0.2488812041796603,-0.2820285473109394,-0.47850806698897497
-0.7105761001498059,-0.23079713236743038,-0.2832567198142951,0.14525346518155005
0.11880218917869546,-0.27600731189800515,-0.3168786073897997,-0.5496670399298741
0.5620941214409392,-0.2669652759918902,-0.30974514130876196,-0.8467198293807725
-0.5414237487323057,-0.2488812041796603,-0.32625173504005767,-0.8893585941795035
0.026428896699308254,-0.2669652759918902,-0.33982876983344357,-1.1560511496969992
-0.33961473948670456,-0.27600731189800515,-0.3189887739063039,-1.3033412779523126
0.2836992653566971,-0.2488812041796603,-0.3269957247516181,-1.0128400596342084
0.019284085892908715,-0.2850493478041201,2.4789563974666455,0.6727025382082252
0.044431039915306086,-0.2579232400857752,-0.3334165021430539,-1.204839412879176
-0.02827208954282655,-0.2579232400857752,-0.33332469600906367,-1.2104252022365316
-0.015526904736048003,-0.2579232400857752,-0.3317883413123204,-1.2527238891053432
0.008791514959525022,-0.2579232400857752,-0.33349755844408036,-1.1928323303074444
0.02100032766782603,-0.2850493478041201,-0.36349425383389605,-1.9792959532628678
0.0015091702355773701,-0.2579232400857752,-0.33282135710531424,-1.2166782937277818
0.0032426515900323906,-0.31217545552246495,-0.3930807296271197,0.58184656742758
0.003026040903141623,-0.294091383710235,-0.34571255677298285,-1.2623582426799906
0.0030760858624537513,-0.294091383710235,-0.3476706095047952,-1.6509170651566067
0.024542122246816647,-0.294091383710235,-0.35972353374149035,-1.7318865785394169
-0.015088746477255064,-0.2850493478041201,-0.36318413001842026,-2.040149072043254
0.0007402455020324201,-0.27600731189800515,-0.3279707094550749,-0.34194293051060987
0.003240738440361483,-0.31217545552246495,-0.3976012127242032,0.6062582451374334
0.0032404408695588392,-0.31217545552246495,-0.39760134892874915,0.6062635026190071
0.0032401728264235567,-0.31217545552246495,-0.3976020400064969,0.6062880008604702
0.07102080132375616,0.6281962787134896,1.2962923191074096,-0.507829892802816
0.0032397192967741984,-0.31217545552246495,-0.3976034791053765,0.6063366497712782
0.0032395567849627218,-0.31217545552246495,-0.3976047906873199,0.6063818467046249
0.0032394355738545417,-0.31217545552246495,-0.39760530914707687,0.6063981460018362
0.0032393344907467258,-0.31217545552246495,-0.3976055798384252,0.6064077013892248
0.0032392478088323954,-0.31217545552246495,-0.39760584876858157,0.6064172447375826
0.004848699222714938,0.058548016628247955,0.10619678377979797,-1.0357775899662267
0.03548371912500034,1.4781476538882947,1.4412663315298169,-0.38647006510899373
0.05663273514752319,1.0712560381131222,1.2817942650872376,-0.6162971594377493
0.0032389960319040493,-0.31217545552246495,-0.39760625803117444,0.6064309474011846
0.003238949302648341,-0.31217545552246495,-0.3976061519813995,0.6064274304837706
0.003238894698267294,-0.31217545552246495,-0.3976060537847922,0.6064236628265173
0.0032388435520101636,-0.31217545552246495,-0.39760620751111836,0.6064290597165872
0.0032388030596265456,-0.31217545552246495,-0.3976063129298693,0.6064324832825587
0.0032387797974553307,-0.31217545552246495,-0.3976064451951715,0.6064369973164702
0.0032387886836567157,-0.31217545552246495,-0.3976063403272232,0.6064331946398054
0.003238831045176192,-0.31217545552246495,-0.39760614482929907,0.6064269768802139
0.0032388835935096578,-0.31217545552246495,-0.397606117324093,0.6064262731622642
0.00323893991008682,-0.31217545552246495,-0.3976059170105351,0.6064191952468524
0.0032390168578923803,-0.31217545552246495,-0.39760565762877875,0.6064105634752688
0.00323910563424257,-0.31217545552246495,-0.3976054977911302,0.6064043842023181
0.003239200358593028,-0.31217545552246495,-0.3976054066224553,0.6064021625190354
0.003239305522448443,-0.31217545552246495,-0.3976053352076765,0.6063995392771959
0.003239402683672394,-0.31217545552246495,-0.39760572976247,0.6064126722805627
0.003239474260725311,-0.31217545552246495,-0.3976061580033186,0.6064275418403925
0.003239527570308913,-0.31217545552246495,-0.39760622782995997,0.6064295774110515
0.0032395748226063045,-0.31217545552246495,-0.39760628540655035,0.6064316846421821
0.0032396106500694366,-0.31217545552246495,-0.3976064103934945,0.6064360548236319
0.003239628151139025,-0.31217545552246495,-0.3976064499895145,0.6064372509990685
0.003239629517283615,-0.31217545552246495,-0.3976064524052391,0.6064373686342762
0.0032396024453937053,-0.31217545552246495,-0.3976062614693275,0.6064308013083869
0.003239535166858931,-0.31217545552246495,-0.39760584328952153,0.606416655823925
0.0032394388101571977,-0.31217545552246495,-0.39760528087297115,0.6063973546600864
0.0032393107498032364,-0.31217545552246495,-0.3976042573049366,0.6063637388511812
0.0032391363664598573,-0.31217545552246495,-0.397602046576375,0.6062886959802198
0.0032389096039291665,-0.31217545552246495,-0.39759840752883235,0.6061649843885567
0.0032386232975353214,-0.31217545552246495,-0.39759177682527036,0.6059413599636645
0.0032382668380478937,-0.31217545552246495,-0.39757888119870155,0.605500306455873
0.003237850541625733,-0.31217545552246495,-0.39756117195398133,0.6049070144357718
0.003237402980259707,-0.31217545552246495,-0.39753586960576176,0.6040537334988384
0.0032369391258027604,-0.31217545552246495,-0.39748534067027963,0.60232266126461
0.003236464736305227,-0.31217545552246495,-0.3973893404376811,0.5990789825765185
0.003235999030058267,-0.31217545552246495,-0.397110171149977,0.5896141218949742
0.00323553656655598,-0.31217545552246495,-0.3953958129939725,0.5308629457942959
0.0032350714744059685,-0.30313341961635,-0.3678444382353055,-0.6735495860107406
0.020039811528138666,1.5143157975127546,1.440226138398683,-0.36662354303212424
0.0032342596111096964,-0.31217545552246495,-0.3973095783735021,0.5964263423447579
0.003233909359256895,-0.31217545552246495,-0.3974696564150725,0.6018171314365542
0.003233580392530713,-0.31217545552246495,-0.3975312722557704,0.6038983049125748
0.0032332651532406944,-0.31217545552246495,-0.39755720912882964,0.6047818474315024
0.003232943029689675,-0.31217545552246495,-0.39756597844532143,0.6050512221005742
0.0032516695134375464,-0.294091383710235,-0.3249114555768951,-1.3688058471888387
0.00037531485215587735,-0.294091383710235,-0.3807536022120942,-1.315124745982746
0.09121430498355651,0.402145381060616,0.5388880618858947,-1.126304320932099
0.0026370907780905806,-0.294091383710235,-0.33571551402224403,-0.9579046451103685
0.07623195182999505,-0.294091383710235,-0.3776587118713873,-1.1299723559907862
-0.057570881726381334,-0.2669652759918902,-0.3404747778376221,-1.3185025613419037
-0.01677160535369355,-0.2850493478041201,-0.294831757650198,-1.1957491303351289
0.17106537938122746,-0.2579232400857752,-0.3283660640968191,-1.0900553790421579
-0.10473245191794078,-0.18558695283685564,-0.26131373356058224,-0.015178497887175933
-0.04721207189197291,-0.27600731189800515,2.4100960760770573,1.3880586173781004
0.0032159745335080675,-0.22175509646131547,-0.25454198277011075,0.22140264113449704
0.0036421891930710154,1.0712560381131222,1.4184592034704244,-0.5191625710885324
0.0032321754010255473,-0.31217545552246495,-0.39760644096879516,0.606436924997068
0.003232178147868692,-0.31217545552246495,-0.397606446881048,0.6064370721639701
0.0032322033478424817,-0.31217545552246495,-0.3976059826141715,0.6064207250478015
0.0032322798730480425,-0.31217545552246495,-0.397604379097313,0.6063668870130328
0.0032324086812529572,-0.31217545552246495,-0.3975993249288908,0.6061950130902616
0.003232626274260205,-0.31217545552246495,-0.39758851017248187,0.6058335708050506
0.0032329004549244886,-0.31217545552246495,-0.3975773368247536,0.605440021287063
0.0032331859536987896,-0.31217545552246495,-0.3975657796132422,0.6050701829511127
0.0032335236578296383,-0.31217545552246495,-0.39751013471023244,0.6031809774596305
0.003233930698935043,-0.31217545552246495,-0.3973706800491859,0.598439882440211
0.0032343887710588235,-0.31217545552246495,-0.39690485254253693,0.5828573079524925
0.0032348911345285456,-0.31217545552246495,-0.39045657409560647,0.35137411905255367
0.0032253379081799804,-0.31217545552246495,-0.34311726418473526,-0.6916152517426956
0.006489557331676173,-0.294091383710235,-0.3760327903491018,-1.1004356038670648
-0.0014198762345385947,-0.2850493478041201,-0.35878252452774717,-1.9827647535885402
0.0046665685295758895,-0.27600731189800515,-0.31208784386251426,-1.1007075996484936
0.003237670057689311,-0.31217545552246495,-0.21236327669759036,0.08415964222114453
0.0032387287257468725,-0.31217545552246495,-0.3788602671494857,0.45712200195029884
0.003800364075316911,-0.294091383710235,-0.3201005468146039,-1.279297196237067
3.1460681708734534e-05,-0.10420862968182114,-0.12214718014922629,-0.9154376647445724
0.12940813108623667,-0.1946289887429706,-0.2197938657874597,-0.2272598197463258
0.0011272712871574708,-0.2850493478041201,-0.30744576685147723,-0.29722115959447215
0.003779245093733703,1.0712560381131222,1.4184591942560827,-0.5191625644528652
0.003242438366412792,-0.31217545552246495,-0.39759115180290305,0.6059227433266197
0.0032431110667980544,-0.31217545552246495,-0.39759419988601485,0.6060219088800602
0.003243757425213653,-0.31217545552246495,-0.39759725626296444,0.6061253924606133
0.0032443504315533035,-0.31217545552246495,-0.39760004973572627,0.6062209956822323
0.0032448781108187696,-0.31217545552246495,-0.3976015882381589,0.6062733790256665
0.003245389845865918,-0.31217545552246495,-0.3976020254107003,0.6062885358766928
0.003245916827588587,-0.31217545552246495,-0.3976021116179336,0.6062898621147698
0.0032464601421126078,-0.31217545552246495,-0.39760213084740575,0.6062911372252647
0.0032470532444434184,-0.31217545552246495,-0.39760171068466343,0.6062769845728639
0.003247689161720347,-0.31217545552246495,-0.3976017425517142,0.6062777968169477
0.0032483388028539113,-0.31217545552246495,-0.39760215581195696,0.6062930221379864
0.0032490255978521896,-0.31217545552246495,-0.39760164269782683,0.6062736221350931
0.003249789534646605,-0.31217545552246495,-0.39760117109675724,0.6062584997223639
0.003250619293207815,-0.31217545552246495,-0.39760120714456704,0.6062606247583884
0.003251484787022501,-0.31217545552246495,-0.39760125928410944,0.606261684930555
0.00325238341866115,-0.31217545552246495,-0.39760161767710056,0.6062736033122856
0.003253282284447222,-0.31217545552246495,-0.39760230280092357,0.6062967824153348
0.0032541509166932113,-0.31217545552246495,-0.397602757055179,0.606312662501041
0.0034342261317261273,-0.31217545552246495,-0.360272636565485,-0.740492374995429
-0.012873422840275386,-0.2579232400857752,-0.3319656447863117,-1.0082888759628486
0.01839330449084943,-0.23079713236743038,-0.22167665777791937,0.074670741214196
0.0032854446135874202,-0.31217545552246495,-0.37744185298416233,-0.031172317741456044
-0.0030312108832048147,-0.30313341961635,-0.3844869866384744,-0.9931772385337464
0.032241724301876155,-0.2850493478041201,1.3298700644098864,-0.5641247587063488
-0.01588708720046104,-0.27600731189800515,-0.3621145933752331,-1.4501637855884153
-0.03277302415126563,-0.294091383710235,-0.38149048781844086,-1.3006249799137732
0.32434034243470256,-0.27600731189800515,-0.3342938990634035,-1.2754564633774315
0.1590807125497798,-0.2669652759918902,-0.3332726382222303,-0.6027782304513483
-0.44008183263735334,-0.27600731189800515,-0.3460357412669275,-0.6519104983612752
-0.9061901932402098,-0.2669652759918902,-0.3338544946413117,-1.1451001153713616
0.8897878044333878,-0.27600731189800515,-0.3089477598191613,-0.37536507926368456
-0.27041228039377324,-0.27600731189800515,-0.3415658879363617,-1.2811741674820472
-0.1698631505496132,-0.2579232400857752,-0.3428374697754379,-1.2081487008746474
0.47846037649798095,-0.2488812041796603,-0.314338991812435,-0.37143755234550035
0.013134589581093295,-0.2579232400857752,-0.32214653306888,-0.33425179500901125
-0.01200181804609151,-0.2488812041796603,-0.32824819185459125,-1.5044403757784732
0.023897764905701422,-0.2488812041796603,-0.33372285294750953,-1.180190540682839
0.056499232093928736,-0.294091383710235,-0.3810931112048908,-1.30862149258055
-0.04910458686148364,-0.2850493478041201,-0.3648981853277747,-1.9524769482152924
0.0034772024401735933,-0.23079713236743038,-0.3116278998020127,0.01980337973641106
0.003281051524380961,-0.31217545552246495,-0.3976048778632846,0.6063840986463536
0.003282435635607263,-0.31217545552246495,-0.3976049542092173,0.6063867568204665
0.0032838099695041457,-0.31217545552246495,-0.397605090317058,0.6063912093942481
0.0032851433568574094,-0.31217545552246495,-0.39760524014977383,0.6063963985679558
0.0032708385977365264,-0.31217545552246495,-0.3921436162682696,0.2385645153442456
0.004356825666548324,-0.30313341961635,-0.3833587783871171,-1.1251950387960485
0.016533458179171408,-0.2669652759918902,-0.34042950219577917,-1.3260826959993866
-0.010661611666543004,-0.27600731189800515,-0.34848705618793235,-1.553438254688147
0.0038846859758414213,1.0712560381131222,1.4184591463608658,-0.5191624565015412
0.003293268091663497,-0.31217545552246495,-0.3976055258559757,0.6064060703209597
0.00329459836649785,-0.31217545552246495,-0.3976055810874585,0.6064079031487083
0.0032959268978656926,-0.31217545552246495,-0.3976056238076903,0.6064093427071396
0.003297249635424184,-0.31217545552246495,-0.3976056768538547,0.6064110752025356
0.0031871172742895704,1.0712560381131222,1.4184592227778037,-0.5191628324952726
0.0032998107533299703,-0.31217545552246495,-0.39760580497591086,0.6064154819541686
0.0033010380584806306,-0.31217545552246495,-0.3976058761665763,0.6064178586502262
0.003302207530086607,-0.31217545552246495,-0.3976059525434321,0.6064204688978713
0.003303336720254839,-0.31217545552246495,-0.3976059872658156,0.606421625432337
0.0033044543315058628,-0.31217545552246495,-0.39760600400384694,0.6064221813357641
0.00330556689103695,-0.31217545552246495,-0.3976060279591367,0.6064230508902085
0.0033066788955901268,-0.31217545552246495,-0.39760603017518514,0.6064230645493114
0.0033078027292907323,-0.31217545552246495,-0.3976060397524544,0.606423384891355
0.0033089241649279597,-0.31217545552246495,-0.3976060625808747,0.6064241835936041
0.003310033473710395,-0.31217545552246495,-0.3976060702788154,0.6064244459261959
0.003311164561555771,-0.31217545552246495,-0.3976060640162101,0.6064242443509803
0.0033123206964843247,-0.31217545552246495,-0.39760606173105584,0.6064241122354431
0.0033134840926580295,-0.31217545552246495,-0.3976060724213661,0.6064244988045103
0.0037965073099531887,1.0712560381131222,1.4184591167437974,-0.5191625142918481
0.0033189690769950832,-0.31217545552246495,-0.3958406156065088,0.5928490813917043
0.014020256957019573,-0.294091383710235,-0.3633579785136876,-1.0333677179621865
0.8775664386390488,-0.27600731189800515,-0.33702643977455904,-1.3657907325432177
-0.8547687747714902,-0.23983916827354534,-0.31068313890949617,-0.17044939763504238
-0.007059274594706183,-0.30313341961635,-0.3666531595203213,-0.9902480995380492
-0.12766103985771904,-0.294091383710235,-0.3451628838503535,-1.3663871449004297
0.13394711286924676,-0.22175509646131547,-0.28782243992645506,0.60558705588016
0.35851038374924876,-0.2488812041796603,-0.34719126962813474,-1.0675623371796985
-0.3366515634016466,-0.27600731189800515,-0.35451425918985585,-1.6784000196936188
0.003949626858551042,-0.22175509646131547,-0.29091821528514394,0.2604520708310791
-0.018644069859236393,-0.2850493478041201,-0.35476910618819807,-1.470696513633785
0.025220429550669644,-0.2579232400857752,1.201251536573397,-0.5861692599362565
0.005846206513355724,1.2340126844231913,1.274113508669747,-0.6014092102880848
0.014514214385906957,0.9898777149580875,1.694527056591077,-0.07196978442997383
0.003332175483710305,-0.31217545552246495,-0.3976062505741214,0.6064305500847365
0.003333225853208499,-0.31217545552246495,-0.3976062637758566,0.6064309713792487
0.0033342649690462855,-0.31217545552246495,-0.39760626857796133,0.6064311347930168
0.0033353047114324168,-0.31217545552246495,-0.397606274405503,0.6064313470822192
0.00333634393526337,-0.31217545552246495,-0.397606272997498,0.6064312919021719
0.0033373990971008616,-0.31217545552246495,-0.39760627463835607,0.6064313479003677
0.0033384486476802,-0.31217545552246495,-0.3976062852887301,0.6064316928636437
0.003339468511104667,-0.31217545552246495,-0.3976062965651865,0.606432096430967
0.0033404862419024106,-0.31217545552246495,-0.39760629770946354,0.606432135447317
0.003341502683686593,-0.31217545552246495,-0.39760630348387244,0.6064323128756453
0.018178391322767284,0.393103345154501,1.9708299537543612,0.5047201273029032
0.0033434198762119826,-0.31217545552246495,-0.3976063413574431,0.6064335911980185
0.003344271420541598,-0.31217545552246495,-0.3976063679488253,0.606434492676194
0.0033449996539995407,-0.31217545552246495,-0.3976064007030716,0.6064356181481295
0.003345585271996413,-0.31217545552246495,-0.39760642247662403,0.6064363442173818
0.0033460553820530256,-0.31217545552246495,-0.3976064379094907,0.6064368626802833
0.004376559888979271,-0.294091383710235,-0.33254790486275543,-1.2935082604878316
-0.07065931123310829,-0.294091383710235,-0.37978723607436427,-1.3242462769364638
0.07128030952704559,-0.2850493478041201,-0.3644538262972488,-1.9627934397548175
0.0113156208453999,-0.2850493478041201,-0.36440622602260064,-1.9981702848083565
-0.020491344040042492,-0.2579232400857752,-0.3342659851795109,-1.2235170185071202
0.09414950274304794,-0.2488812041796603,-0.33484445913984096,-1.2528444876030502
-0.10020916845679245,-0.2579232400857752,-0.008966571868320951,-0.773045067094304
0.007030463752820262,-0.27600731189800515,-0.30961934859515194,-1.4459109500724883
0.004181880520545086,1.0712560381131222,1.4184591325339766,-0.519162532100498
0.0033405871698446825,-0.31217545552246495,-0.39760595087635214,0.606420435973148
0.0033386147912278525,-0.31217545552246495,-0.39760569812917945,0.6064118243239645
0.00333628952264348,-0.31217545552246495,-0.3976053954902069,0.6064015728795498
0.0033336493060796366,-0.31217545552246495,-0.3976050589225538,0.6063902158359112
0.0033307279087785493,-0.31217545552246495,-0.39760463637112836,0.6063759641580193
0.0033274917823033416,-0.31217545552246495,-0.39760409339026803,0.6063576280749547
0.006405364220407365,1.3606011871088004,1.5005607192499164,-0.38115500857501866
0.0035974986055906885,2.3733092085936742,2.6747526856126145,1.0034999280796526
0.003315953917570182,-0.31217545552246495,-0.39760140553106155,0.6062666014744524
0.0033114876649996596,-0.31217545552246495,-0.3976000609357596,0.6062212099843101
0.003357545073208229,1.0802980740192372,1.418459272265964,-0.4824438165053563
0.0033017104334590345,-0.31217545552246495,-0.3975955863091197,0.6060695052197078
0.0032962824446510154,-0.31217545552246495,-0.3975915056617793,0.6059318768834627
0.0032904300567835995,-0.31217545552246495,-0.3975852244276091,0.6057199288052878
0.003284107679740746,-0.31217545552246495,-0.3975745570275499,0.6053583091321756
0.0032772603118565776,-0.31217545552246495,-0.3975566478050578,0.6047520455372483
0.01234979653524511,-0.10420862968182114,-0.15289728516975093,-0.9805270391239301
0.0033340854895953266,1.0622140022070072,1.4184588567422558,-0.5191627331807975
0.0032539927774381996,-0.31217545552246495,-0.39725215998816205,0.5944378662975731
0.003245256473414268,-0.31217545552246495,-0.3962667736373457,0.5607525429647031
0.0032361067884722557,-0.30313341961635,-0.364086247019735,-0.903192253482292
0.0032266190821605995,-0.31217545552246495,-0.3954636318515632,0.5330391878312055
0.0032168848924938225,-0.31217545552246495,-0.39710233758944824,0.589328673652808
0.0032070504935536293,-0.31217545552246495,-0.3973912232939409,0.5991574506762665
0.0031971699371682685,-0.31217545552246495,-0.3974859032445827,0.6023560774980684
0.0031871605037923118,-0.31217545552246495,-0.39752873434676966,0.6038053400198171
0.003177057084156199,-0.31217545552246495,-0.39755352876521066,0.6046468005619422
0.0031670399701227013,-0.31217545552246495,-0.3975686678884321,0.6051589571850543
0.003157125169572733,-0.31217545552246495,-0.3975783130465185,0.605486563596651
0.003147316731613487,-0.31217545552246495,-0.3975848441821021,0.6057061986061291
0.0031376881301322457,-0.31217545552246495,-0.39758954201921787,0.6058652407976157
0.0031281939801769414,-0.31217545552246495,-0.39759271838214294,0.6059730227081811
0.003118785118816376,-0.31217545552246495,-0.3975950968766755,0.6060529255952848
0.0031096258087561206,-0.31217545552246495,-0.3975975066902491,0.6061348398016104
0.003100939821295046,-0.31217545552246495,-0.39759955454436485,0.6062041399788111
0.0030927954536312985,-0.31217545552246495,-0.3976010441050702,0.6062539269732249
0.0030852353483357096,-0.31217545552246495,-0.39760238363992423,0.6062998958557388
0.003078315844602363,-0.31217545552246495,-0.3976032904987684,0.6063305900148697
0.003071863956748633,-0.31217545552246495,-0.39760383523153753,0.606348822304439
0.003065720659287305,-0.31217545552246495,-0.3976043060775185,0.6063647148903936
0.003060006390050535,-0.31217545552246495,-0.39760469862095954,0.6063779370661515
0.003054634382134287,-0.31217545552246495,-0.39760499515238257,0.6063882148209399
0.0030495791228940324,-0.31217545552246495,-0.39760524798099806,0.6063965894084291
0.003045635948748322,2.5812760344343184,3.172195419478915,1.361067683161099
0.0030405234492794043,-0.31217545552246495,-0.39760558049461403,0.6064078873034797
0.0030362000840112985,-0.31217545552246495,-0.3976056475787747,0.6064100260931014
0.003032133349247252,-0.31217545552246495,-0.3976058440562274,0.6064168798225672
0.0035677521161772167,1.0712560381131222,1.4184592212141902,-0.5191627661034731
0.0028630164575693742,1.0712560381131222,1.4184584355973766,-0.51916176698105
0.0027588624620052066,1.0712560381131222,1.4184588121534445,-0.5191620953677624
0.00302317749695326,-0.31217545552246495,-0.3976064572860234,0.6064375181294176
0.0030231563900109657,-0.31217545552246495,-0.39760645995649996,0.6064376068675247
0.0030237103121958184,-0.31217545552246495,-0.397606424775001,0.6064364352576669
0.0030252187792354297,-0.31217545552246495,-0.39760630508914496,0.6064324214601915
0.0030276522835114028,-0.31217545552246495,-0.3976061248134521,0.6064261719374762
0.003030848981413381,-0.31217545552246495,-0.39760593180397885,0.6064197153476342
0.0030348204156446304,-0.31217545552246495,-0.39760563820869843,0.6064097172442645
0.003039352157289883,-0.31217545552246495,-0.3976054492702326,0.606403388808423
0.00304366129851207,4.5795659696857225,4.395261864746604,2.633734513141257
0.0044132945320107895,4.5795659696857225,3.562454327163262,1.7587669969223196
0.0030545212991703887,-0.31217545552246495,-0.39760463226395876,0.6063755786732183
0.0030605777298799005,-0.31217545552246495,-0.39760424568166425,0.6063628967818485
0.003066935448804531,-0.31217545552246495,-0.39760375750083954,0.6063462455592974
0.0030736948507924227,-0.31217545552246495,-0.3976032368711952,0.6063288125964934
0.0024749316097184577,1.0712560381131222,1.4184570860975105,-0.5191624067118655
-0.00013796125679669082,-0.294091383710235,-0.3480683618852036,-1.3749666074378843
0.05651232979532465,-0.2850493478041201,-0.37243764171891397,-1.5565072398715964
-0.046716721543087106,-0.2579232400857752,-0.33333693183180857,-1.1761436430438084
0.04619794633643171,-0.31217545552246495,-0.21593145028611216,-0.13568023542309993
0.005785718451674986,-0.2488812041796603,-0.3207606367752495,-0.43827200281084905
0.008600102767719461,-0.23983916827354534,-0.28018470558615005,-0.3569005045550092
-0.057119409740951206,-0.2850493478041201,-0.365283695166113,-2.085626256259556
0.08906451232616341,-0.294091383710235,-0.3579172382998156,-1.2228742589924935
-0.20262472403400156,-0.2669652759918902,0.2165934119102838,-0.6012209974609316
0.09082295342286065,-0.2488812041796603,-0.31559780905570717,-0.3631282556990503
0.0586613535949797,-0.23983916827354534,-0.23467049760399428,0.040991844934286044
0.031231862019725522,-0.2579232400857752,-0.3343525144477547,-1.1239804139205882
0.10961874654372039,-0.2850493478041201,-0.36025999192385116,-1.8127461897517128
-0.18845808206989784,-0.22175509646131547,0.376439671358451,0.5722574297087132
0.0037039309910235343,-0.27600731189800515,-0.2970581626743177,-0.822410601731703
0.0031764671758337157,-0.31217545552246495,-0.3975783972219048,0.6058112981050897
0.0031821013278479776,-0.31217545552246495,-0.39758817986207584,0.6058227751644457
0.003187327463090529,-0.31217545552246495,-0.3975872352540039,0.6057838253288356
0.0031919990291446056,-0.31217545552246495,-0.3975887689203029,0.6058334933196918
0.0031957417799126924,-0.31217545552246495,-0.3975957605684406,0.6060773321051504
0.0031983023405596877,-0.31217545552246495,-0.3976002556277812,0.6062294147011116
0.003200233740022633,-0.31217545552246495,-0.3976019757702863,0.6062864974617471
0.003201782023655422,-0.31217545552246495,-0.3976044073222586,0.6063644990666137
0.0032023792248398885,-0.31217545552246495,-0.39760641566622623,0.6064353910036385
0.0032022117103197374,-0.31217545552246495,-0.39760622243457805,0.6064281091606843
0.0032019670672156866,-0.31217545552246495,-0.39760645312187437,0.6064372088400902
0.0032021513767022075,-0.31217545552246495,-0.39760583582035003,0.6064156661047418
0.0032035231447475887,-0.31217545552246495,-0.3975972327364362,0.6061267418894102
0.003207171383078036,-0.31217545552246495,-0.3975485944304309,0.6044473586922255
0.003213363204609282,-0.31217545552246495,-0.3974124075266683,0.5999094590660556
0.0032216232959105654,-0.31217545552246495,-0.39679235505943106,0.5789786277181567
0.003232391803343963,-0.31217545552246495,-0.37778709670990857,-0.16473271492904237
0.0032469033512549767,-0.31217545552246495,-0.39445141157168523,0.4975894319397204
0.003265287146294014,-0.31217545552246495,-0.39682077487577017,0.5797090323291391
0.0032876013358676772,-0.31217545552246495,-0.39722498455439736,0.593514645940386
0.0033143730709130344,-0.31217545552246495,-0.39737338533018557,0.5985501743291529
0.0033452607742215654,-0.31217545552246495,-0.39745043804983166,0.6011489752918641
0.003380001745166419,-0.31217545552246495,-0.39749214089754,0.6025737707424814
0.003419978689641672,-0.31217545552246495,-0.39751049563486474,0.6031930932590664
0.0034667211323158855,-0.31217545552246495,-0.39752300335627144,0.6036115513607712
0.0035206157153650722,-0.31217545552246495,-0.39753531751740057,0.6040363778112755
0.0035820592102340787,-0.31217545552246495,-0.39754401247096494,0.6043176320754667
0.0036500088680269287,-0.31217545552246495,-0.3975564769352466,0.6047442754569501
0.0037204432045170217,-0.31217545552246495,-0.3975696443532422,0.6051932824939632
0.0037900606127745035,-0.31217545552246495,-0.39757893282281936,0.6055055051211673
0.0038579604893055255,-0.31217545552246495,-0.3975869508835504,0.6057775396129047
0.00392074232011085,-0.31217545552246495,-0.39759297500794344,0.6059801310707966
0.0039778088229739,-0.31217545552246495,-0.3975969811625862,0.606117860630744
0.004029401574678614,-0.31217545552246495,-0.39760017595897396,0.6062240951657877
0.004070150159726,-0.31217545552246495,-0.3976035669068379,0.6063390137768158
0.004096431019817914,-0.31217545552246495,-0.3976056249587456,0.6064093947037537
0.0041095903413972505,-0.31217545552246495,-0.3976063207027842,0.6064325926549087
0.004111572964003994,-0.31217545552246495,-0.3976064330194591,0.6064365466196183
0.004116309207210401,-0.31217545552246495,-0.3974504283172069,0.602627356836029
0.0036207289664496167,-0.294091383710235,-0.3684500936579198,-1.504777631485333
0.0045073193890543305,-0.2850493478041201,-0.3651576156880738,-1.596550426123179
0.004009772086646009,-0.31217545552246495,-0.3975805364742938,0.6059628458536183
0.003942213295033861,-0.31217545552246495,-0.39758448726150086,0.6056918400051956
0.003853161943231618,-0.31217545552246495,-0.3975597467773061,0.6048521590310755
0.0037418466331534065,-0.31217545552246495,-0.3975073253240346,0.6030877018762897
0.003615795376194336,-0.31217545552246495,-0.39740346892245176,0.599534055470778
0.003487666936117777,-0.31217545552246495,-0.39716340518708815,0.5914255601395495
0.0033590443756614805,-0.31217545552246495,-0.39579961065953423,0.5445125683337928
0.0032349357387677514,-0.30313341961635,-0.355252824738865,-1.7098895731357275
0.0031214835908856277,-0.31217545552246495,-0.3961156845047574,0.5558355627013815
0.0030205753119114907,-0.31217545552246495,-0.39726337917438664,0.5946693220571788
0.002938029446827721,-0.31217545552246495,-0.3975167663465361,0.6033861729402471
0.0028892334769425976,-0.31217545552246495,-0.3975937371255912,0.606004917114758
0.002875634564647924,-0.31217545552246495,-0.3976063155505235,0.6064331329165061
0.0028777495178125517,-0.31217545552246495,-0.39760588432476224,0.606415898078853
0.005623891860129354,-0.30313341961635,-0.3690796092007253,-1.1116157431807974
0.01741481457022513,-0.294091383710235,-0.343709800894722,-1.5783200836487001
0.01774148059815965,-0.2850493478041201,-0.3655907527300286,-2.109679768290318
-0.02482572749444712,-0.27600731189800515,-0.3351431730640235,-1.5128205728552566
0.0596792214764602,-0.294091383710235,-0.3664513934611625,-1.5350955579755867
-0.05878844381166787,-0.2488812041796603,-0.333305548560978,-1.516833802733542
0.003685270243004386,-0.2850493478041201,-0.36450444716021746,-2.0396962480216647
0.0028690387641271504,-0.31217545552246495,-0.3972672394479671,0.6042026246811845
0.0028821910493807674,-0.31217545552246495,-0.3976053956235916,0.6064057806114388
0.0028988572289198587,-0.31217545552246495,-0.3975933373665121,0.606005225135779
0.0029446719595929037,4.5795659696857225,4.395459993300408,2.6341285658193048
0.003032170813011551,4.3263889643145035,4.473593386128432,2.7439021256848357
0.0031331876424483558,-0.31217545552246495,-0.39585080437871734,0.5454354132953648
0.0032377803862448915,-0.30313341961635,-0.35517852489208496,-1.621127430398592
-0.003781725389471696,-0.2850493478041201,-0.34549693504622064,-1.6439720690565314
-0.006823598351978685,-0.2579232400857752,-0.33397346919581516,-0.9963954206197418
0.016808758082620702,-0.2579232400857752,-0.3326155960246694,-1.144850437339094
0.004814321233563537,-0.294091383710235,-0.382153659185365,-0.8356471074816267
0.0030841544890008784,-0.2850493478041201,-0.3652222395060453,-2.1058618936755518
-0.0030002087226764554,-0.294091383710235,-0.36129342936730063,-1.395190091728182
0.010182197002123078,-0.2850493478041201,-0.36497627450225434,-2.097711667756739
0.0032421890986024243,-0.2669652759918902,-0.27022177027330924,-0.8256339468639454
0.0035173846949371245,-0.31217545552246495,-0.39760630124319096,0.6064326694994984
0.0002660356526153562,-0.30313341961635,-0.3842237185526542,-0.9425389861784026
-0.052151635216340496,-0.294091383710235,-0.3735355733852485,-1.532472099581472
0.05780901695523904,-0.20367102464908554,-0.2829382566200346,0.16273735646291368
0.01008774699892026,-0.27600731189800515,-0.3403973396203911,-1.1870581296294218
0.0029732458558292454,-0.31217545552246495,-0.38774038396960486,0.2524350059456247
0.002047135689472852,-0.31217545552246495,-0.3961643693719844,0.5563551709425479
0.0009631982846833316,-0.31217545552246495,-0.39726731436943685,0.594809560557915
0.0002494338236825746,-0.31217545552246495,-0.3975808203438352,0.6055716324910932
0.00019691766518342975,-0.31217545552246495,-0.3975951060306008,0.6060776711556183
0.005160028167347727,-0.2850493478041201,-0.3415140483543102,-1.4087021260796198
-0.002372770983691038,-0.2579232400857752,-0.33315794776768803,-1.202771956880907
0.0038776295891524933,-0.31217545552246495,-0.15082269709855697,-0.3115834838706422
0.0037055136041551973,4.561481897873493,4.394904375760953,2.631881496626723
0.001454796417029893,-0.31217545552246495,-0.3903214499561728,0.34619938104622217
-0.0035196506479667987,4.362557107938964,4.39349215785288,2.604705195804965
-0.00404375024132294,2.5993601062465483,3.1719446492131484,1.361023236206827
0.00688051130580812,2.8344530398055374,3.2243920884146204,1.4249075131610462
0.01619962003402266,-0.31217545552246495,-0.39758704293722835,0.6045689431484066
0.005427351083987759,4.362557107938964,4.398696353704186,2.6758598009996186
-0.006677531747989673,4.1907584257227795,3.7005147493625916,1.9968956376855804
0.5922870399987907,-0.20367102464908554,0.12338895210007914,-0.545925636727787
0.9025750817320085,-0.131334737400166,-0.11257500432112628,-0.9711220366306196
-0.007379353174718071,-0.30313341961635,2.151447982173345,1.2834165405229416
-0.7019540792677342,-0.04995641424513144,0.07173739171609955,-1.2713795019379233
24.722195404885237,-0.07708252196347629,0.15431921791942627,-1.0571817637875762
-0.7847010829642179,-0.07708252196347629,0.19749816076178567,-1.0143926334473843
-10.718108063045769,-0.1946289887429706,0.02433971691205845,-0.45936101640765176
0.032022165114087994,-0.1765449169307407,0.02787725195863758,-0.49464968141211496
-6.409545498802566,-0.11325066558793606,0.23783414276941792,-0.8442445317004611
-15.257589617006358,-0.20367102464908554,0.15904779946545863,-0.782797656256987
0.1045723217846803,-0.2850493478041201,0.28608037476823095,-0.511841347341677
-0.04875604883635087,4.452977467000113,3.649940163551396,2.0290065680996117
-0.016590188577884857,4.452977467000113,2.5848493250251217,1.3414495389996135
0.020488073344965253,4.4439354310939985,2.83081048531342,1.284494327376937
-0.03294050775798271,4.452977467000113,2.595668141265614,1.5149673942562942
0.07029889255989359,4.452977467000113,2.816252996486694,2.00316634310556
0.01901028886482514,4.452977467000113,2.5198392712129913,1.243356824368234
-0.03560922730162384,4.452977467000113,2.5418916262174553,1.182544448131085
-0.0008382149928654305,4.452977467000113,2.5095376851678437,1.5444514910640719
0.021480495312630462,4.452977467000113,2.6450493966521664,1.6322706446456918
-0.026676690272770996,4.452977467000113,2.9541286340635082,2.017563985660326
0.0022084312956106517,4.452977467000113,2.507247476881185,1.2499339643810952
0.018802220745424116,4.452977467000113,2.6373116512933237,1.3629858773395116
0.04537516012477173,4.452977467000113,2.917748556377107,2.1792549304002837
-0.03195399721994454,4.452977467000113,2.5920172246147555,2.085141232325697
0.061486806998686305,4.452977467000113,2.516263470262732,1.2779197608648636
0.08016882482634213,-0.294091383710235,0.730461094691324,-0.08861470829611433
0.8535455205642999,-0.15846084511851083,0.06762166921384874,-0.8556626108940448
-2.6417527950159285,-0.07708252196347629,0.0684649767431572,-1.022633324082507
0.11620746910078793,-0.31217545552246495,0.5067534073408358,0.41342671231948536
-0.04802968396607864,-0.30313341961635,0.9471345941964732,0.5373866794224557
0.00750440948467769,4.452977467000113,2.825416935012238,1.9403220125650709
0.02264970350795661,4.452977467000113,3.606353568536367,2.2835353065316646
0.029991136511553912,4.452977467000113,3.7733156492802156,2.534996775900326
-0.021103751456590616,-0.31217545552246495,-0.3949296387811704,0.565379356423059
-0.02110289290071684,-0.31217545552246495,-0.3934669127109309,0.4938563552505685
0.01373334345887656,-0.31217545552246495,-0.39399058550391736,0.46700864802434017
0.015763271455269953,-0.31217545552246495,-0.39747567637880477,0.5956306741264604
0.0058225706137507065,-0.31217545552246495,-0.017912179765677244,0.2475633236422076
0.010182435506097156,-0.31217545552246495,-0.38235790314370727,0.5984755918662219
0.005654153403369159,-0.31217545552246495,-0.3904224266009079,0.475750145845905
-0.000872344832136264,-0.31217545552246495,-0.39450704097674,0.4549665084674662
0.0006940451865537742,-0.31217545552246495,-0.3906760837160233,0.3781496309420995
0.0035462794058428383,-0.30313341961635,-0.375298572438709,-0.6836721729014884
0.004859519406760025,-0.31217545552246495,1.6389380568011127,1.6840531872053683
0.005346884894838317,-0.31217545552246495,-0.39698710165119605,0.563023219102125
0.003684933427523568,-0.30313341961635,1.89441097964334,1.292447994012221
-0.0007576267402813772,-0.31217545552246495,-0.3961346480008777,0.5544390372816352
-0.0022186612517426357,-0.31217545552246495,-0.39738994452008025,0.5952284501448425
0.0008076831196110895,-0.31217545552246495,-0.3962858984554335,0.5559949912345501
0.0018726692163699799,-0.31217545552246495,0.29827874356226697,1.0045510901817487
0.0016081109763798074,-0.31217545552246495,0.1332440830526645,0.9132416301702402
0.002862045246841255,-0.31217545552246495,-0.38274181609598146,0.02427902570169122
0.003739083910698826,-0.31217545552246495,1.6948302681722727,1.0854975859577864
0.00366496730278265,-0.31217545552246495,3.036767846478455,1.9278072303456295
0.0031653758311804715,-0.30313341961635,-0.3711556611654241,-0.768235268026831
0.0023868277656505354,-0.31217545552246495,1.3976409604368416,1.550861450179322
0.001798282479294128,-0.31217545552246495,-0.3974614737542794,0.601340892290686
0.0015893620287521894,-0.31217545552246495,-0.39760505585911876,0.6062927001943615
0.0019435210806150584,-0.31217545552246495,-0.38340723835861784,0.5975284861933986
0.0028263450242206356,-0.31217545552246495,-0.3893701906441595,0.3052524514616758
0.0036356637145071873,-0.31217545552246495,-0.39524853558783585,0.522781292101669
0.003891539098597791,-0.31217545552246495,2.263300305488374,1.9676320222110246
0.004208224455270751,-0.31217545552246495,-0.3974483939117616,0.6017311164817908
0.004492428302812441,-0.31217545552246495,0.7724881684273301,1.2671475085708988
0.004585969907396463,-0.31217545552246495,-0.39759402523287024,0.6059691096282926
0.004876860549372203,-0.31217545552246495,-0.3975305132893457,0.6038235540006797
0.0050508456171911,-0.31217545552246495,-0.39760617610971893,0.6064061708523859
0.00477878053276304,-0.31217545552246495,-0.39739412508849487,0.5988029271268787
0.004255006490075086,-0.31217545552246495,-0.39723787669735044,0.5952369847581157
0.0037752780351105924,-0.31217545552246495,3.2492307112375176,2.3711744748000827
0.003339117964909502,-0.31217545552246495,-0.38025223860934787,-0.11387106785480096
0.003038556773083235,4.5795659696857225,4.600205484958611,2.88778042490222
0.0030544398899757137,-0.31217545552246495,2.8999985262918226,2.237384972940833
0.0030831120248386965,4.5795659696857225,4.593727023236527,2.8855527751651158
0.0029703846344355782,-0.31217545552246495,-0.39743913162114314,0.5981438945293716
0.002995699901758109,-0.31217545552246495,-0.39741804729756647,0.6012324071282787
0.0031169391997124575,-0.31217545552246495,-0.3942689696108031,0.47799170350989184
0.003291663651406202,-0.31217545552246495,-0.3819328517700348,0.009909510153338252
0.0036324777647800993,-0.31217545552246495,-0.3956300068622013,0.5376484705105304
0.004053264001585258,-0.31217545552246495,-0.39717907038518974,0.5920182425386471
0.004396456840485291,-0.31217545552246495,-0.39751801415637755,0.603540326711455
0.004611930241258592,-0.31217545552246495,-0.3975774989923627,0.6053353944493569
0.0046758494231748686,-0.31217545552246495,1.7865485930075327,1.759069368991227
0.0044301224253791615,-0.31217545552246495,-0.39735032720876684,0.5975782379845069
0.0037188873063365812,-0.31217545552246495,-0.39159839636545074,0.39336123173209087
0.0025943953880046703,-0.31217545552246495,-0.3922902466237451,0.41805058071180656
0.0015120754206982172,-0.31217545552246495,-0.3971292182841049,0.5897588741975931
0.0009196182103128141,-0.31217545552246495,-0.39757824072129316,0.6054750815134698
0.5868564761696727,-0.23079713236743038,-0.17148601928397267,0.008053861843672662
-0.21208711415888234,0.11280023206493765,0.26941595768503035,-1.1294889653806286
0.0033825318487285504,4.4439354310939985,4.834335801331221,3.195393831556685
0.005261094783107235,4.4439354310939985,4.331714605513827,2.8192144273570983
0.000981222174803284,4.452977467000113,4.387330100002702,2.8678641206491218
0.00025872286988606343,4.452977467000113,4.774699211491602,3.1372200465988205
-0.002477490768095677,4.452977467000113,4.718347070476174,3.134061806224043
0.0033414831073256017,4.452977467000113,4.833562504006111,3.214746718498349
0.012983967957038921,4.452977467000113,4.728445300986997,3.1298709629054193
0.014917930574383597,4.452977467000113,3.638913616894335,2.5232490292639795
-2.175249045449768,-0.131334737400166,0.10627848434818501,-0.9492587806593569
0.7947127005540235,0.1308843038771675,0.13835945082981302,-1.3524919631559746
0.9557208018939964,0.09471616025270774,0.14080415132322915,-1.3816018071492633
-0.0008472720857001115,4.452977467000113,4.647416122271456,3.0418405749338917
-0.0004291252018110763,-0.31217545552246495,-0.3972606704690818,0.5905248303327075
0.001273428847473661,-0.31217545552246495,-0.38634790407052544,0.10274421377837403
0.006153377551406605,-0.31217545552246495,-0.39541638741875484,0.5568254959239624
0.00843430459212765,-0.31217545552246495,-0.3471778416376871,0.6364457779926355
0.006880116140743481,-0.31217545552246495,-0.3279503953198845,0.6283254181695963
0.003800627284278338,-0.30313341961635,-0.37022784125421354,-0.5165102432514957
0.0011780200757274865,-0.31217545552246495,-0.3971043730737266,0.5879382421780205
0.0011674178151532644,-0.31217545552246495,-0.39754748405497575,0.6037836507064999
0.001528983333630051,-0.31217545552246495,-0.3850166616891762,0.6024474586137216
0.0025020746358663786,-0.31217545552246495,-0.3915014526988361,0.4546353977330046
0.004251024917547671,-0.31217545552246495,-0.39375052646211106,0.4640575219546696
0.00450359390401521,-0.31217545552246495,-0.39717881334386546,0.5908133662733966
0.004020960319670797,-0.31217545552246495,-0.3970429751957871,0.5879220839698139
0.0037791529760589438,-0.31217545552246495,-0.39756546648519203,0.6031890758520839
0.003522265103041915,-0.31217545552246495,-0.39014539139923415,0.22719899659577325
0.003207588422471207,-0.30313341961635,-0.3805231790617249,-0.9923173609064078
0.003441337057632271,-0.31217545552246495,1.1784643486235686,1.4261342747386205
0.0035460690407328435,-0.31217545552246495,-0.39664321526744184,0.5539893181898407
0.003144260499734628,-0.31217545552246495,-0.38537040478122075,0.0830171329888566
0.002941727249006406,-0.31217545552246495,-0.39623244358440834,0.5526468984673779
0.0026597576064335206,-0.31217545552246495,-0.3971544749406108,0.5942843904609729
0.002335434956246573,-0.31217545552246495,-0.3974625547915805,0.6010779313769727
0.0022907378387083703,-0.31217545552246495,-0.3975946027285033,0.60605112043057
0.0023472939437675865,-0.31217545552246495,-0.3975970673852265,0.6060717412457068
0.002400964921972515,-0.31217545552246495,-0.39760264272496043,0.6063290880316126
0.0025480782916462996,-0.31217545552246495,-0.39733868117243515,0.5963852473307065
0.002866703714631631,-0.31217545552246495,-0.3958867185784469,0.5499309857671668
0.0032945284052988016,-0.30313341961635,-0.2106416933614541,-0.48512728388200277
0.003821813714426711,-0.31217545552246495,-0.39580539245135415,0.5442049456526612
0.004468940832070752,-0.31217545552246495,-0.3971005648498585,0.5891624959706853
0.0051375358352303,-0.31217545552246495,-0.3973984698162137,0.5993343568029521
0.005723785020171431,-0.31217545552246495,-0.39753727742384054,0.6040731363913431
0.006051092497137813,-0.31217545552246495,-0.39760317776464366,0.6062924260753191
0.005868864317349645,-0.31217545552246495,-0.39753953935333497,0.604143829617345
0.00494336621609057,-0.31217545552246495,-0.396457996041214,0.567266489305935
0.0030465683764797683,-0.30313341961635,-0.36161919671670556,-1.1187467996386224
0.000762296485001856,-0.31217545552246495,-0.3963229326986008,0.5623307158063896
-0.0009177938037531194,-0.31217545552246495,-0.2620880765344419,0.6859379825044302
-0.0015190420183442837,-0.31217545552246495,-0.3976054108229468,0.6063082640060765
-0.0006196924605846011,-0.31217545552246495,-0.3971756541534004,0.5911343662784038
0.001827568641043911,-0.31217545552246495,-0.3919168308347518,0.40297500819711946
0.004286644623206455,-0.31217545552246495,-0.3928832211338343,0.43667831795541284
0.0050465716926439,-0.31217545552246495,-0.39754465251928084,0.6034019301924962
0.002887586943554775,-0.30313341961635,-0.3610789988032991,-1.1941212503038197
-0.003076183344204733,-0.31217545552246495,-0.3962953783588688,0.5589608964019969
-0.004549430839943984,-0.31217545552246495,-0.3971459590235411,0.5902947344131091
0.005784524866827342,-0.31217545552246495,-0.3746154526967885,-0.3693727300786327
0.01462470030657257,-0.31217545552246495,-0.39753209722685534,0.602875964595517
0.008497346636223906,-0.31217545552246495,-0.38841495954819244,0.2497143140648052
-0.0019048062397555416,-0.31217545552246495,-0.2252946345711415,0.6849413431074364
-0.0018101954861295382,2.5812760344343184,3.170205282321721,1.3606444033481422
-0.02473283523454346,-0.31217545552246495,-0.39049882993426654,0.336445537003012
-0.1453467136000319,-0.31217545552246495,-0.3866303972126126,0.4272389838020198
